Company Name,Website,Industry,Employee Count,Estimated Revenue,Year Founded,City,State,Country,Owner Name,Owner Title,Email,Phone,LinkedIn
CRESCENT SALON GROUP,crescentsalon.net,Hair Salon,1-10,$0.3M,2006,RALEIGH,NC,United States,Maria Johnson,General Manager,maria@crescentsalon.net,,
Copper Precision Machining,https://copperprecision.net,Machine Shop / CNC Machining,40,$6M - $11M,2018,Nashville,TN,United States,,,office@copperprecision.net,,
Ironwood Physical Therapy Group,ironwoodphysical.net,Physical Therapy,11-50,$3.2M,,Columbus,OH,United States,Ahmed Patel,Co-Owner,ahmed@ironwoodphysical.net,(249) 581-1683,
Hillcrest Grill Group,https://hillcrestgrill.com,Restaurant,11-50,$2.1M,,Green Bay,WI,United States,Carlos Johnson,Marketing Coordinator,carlosjohnson25@gmail.com,704-494-3705,https://www.linkedin.com/in/carlos-johnson-728
Bluestem Software Group,bluestemsoftware.com,Software Development,51-200,"12,149,588",,Milwaukee,WI,United States,Gary Murphy,,gary@bluestemsoftware.com,+1 645 447 4790,
Pinecrest Staffing Co.,www.pinecreststaffing.net,Staffing Agency,11-50,$6M - $11M,2013,Phoenix,AZ,United States,,,,,
Beacon Fitness,www.beaconfitness.com,Fitness Studio,18,$4M - $8M,,Phoenix,AZ,United States,Hannah Reyes,Owner,hannah@beaconfitness.com,(756) 476-7304,
Lakeshore Fitness,https://www.lakeshorefitness.co,Fitness Studio,11-50,$0.4M,2022,Boise,ID,United States,Kim Bennett,President,,+1 521 257 7801,https://www.linkedin.com/in/kim-bennett-885
Oak Ridge Coffee Co,http://oakridgecoffee.com/,Coffee Shop,4,"45,945",,Indianapolis,IN,United States,James Schmidt,Owner,hello@oakridgecoffee.com,457-4524,
Copper Grill LLC,www.coppergrill.com,Restaurant,51-200,$0.9M,,Kansas City,MO,United States,Denise Okafor,Marketing Coordinator,denise@coppergrill.com,439-796-6222,
Northstar Staffing Co.,http://northstarstaffing.net/,Staffing Agency,51-200,$3414K,1990,Boise,ID,United States,Daniel Hernandez,Office Manager,office@northstarstaffing.net,369-332-2128,
Heartland Heating & Cooling Co.,heartlandheating.net,HVAC Services,,,2013,Minneapolis,MN,United States,Priya Murphy,Owner,,,
BEACON STAFFING,www.beaconstaffing.com,Staffing Agency,1-10,$23M - $28M,2015,GRAND RAPIDS,MI,United States,Mark Larson,Founder & CEO,mark@beaconstaffing.com,,
Crescent Salon Group,crescentsalon.net,Hair Salon,1-10,$0.3M,2006,Raleigh,NC,United States,Maria Johnson,General Manager,maria@crescentsalon.net,,
Granite Logistics LLC,https://www.granitelogistics.com/contact-us,Freight & Logistics,51-200,$4.9M,1998,Sacramento,CA,United States,,,,,
Arrowhead Precision Machining Group,http://arrowheadprecision.com/,Machine Shop / CNC Machining,51-200,$1.2M,2015,Boise,ID,United States,,,contact@arrowheadprecision.com,341.640.5561,
Valley Electric Co.,www.valleyelectric.net,Electrical Contractor,11-50,$11.2M,,Denver,CO,United States,Thomas Johnson,Operations Director,office@valleyelectric.net,576-4628,
Granite Fitness Co.,http://granitefitness.net/,Fitness Studio,,$4M - $8M,1983,Indianapolis,IN,United States,Tanya Miller,Office Manager,hello@granitefitness.net,,
Harbor Pest Solutions Inc.,https://www.harborpest.com,Pest Control,,$8304K,2018,Denver,CO,United States,Mark Okafor,Office Manager,info@harborpest.com,,
Summit Animal Hospital LLC,http://summitanimal.com/,Veterinary Clinic,11-50,$1M - $2M,2012,Tampa,FL,United States,,,,271-532-8094,
Tri-County Family Dental Co.,https://tricountyfamily.com,Dental Practice,,$1M - $2M,1996,Boise,ID,United States,Brian Fischer,Owner,brian.fischer@tricountyfamily,,
Liberty Grill,http://libertygrill.net/,Restaurant,1-10,,,Nashville,TN,United States,,,,,
Pinecrest Heating & Cooling Inc.,www.pinecrestheating.net,HVAC Services,11-50,,1980,Green Bay,WI,United States,,,,+1 750 857 1245,
Juniper Grill Inc.,https://www.junipergrill.co,Restaurant,11-50,$4.3M,2012,Kansas City,MO,United States,Fatima Okafor,Owner,fatima@junipergrill.co,,
Summit Family Dental,https://summitfamily.co,Dental Practice,1-10,$0.7M,2019,Nashville,TN,United States,Daniel Okafor,Founder & CEO,danielokafor25@gmail.com,973-920-3532,https://www.linkedin.com/in/daniel-okafor-293
Frontier Fabrication,,Metal Fabrication,51-200,$22238K,2021,Milwaukee,WI,United States,Gary Anderson,Co-Owner,gary.anderson@frontierfabrication.com,408-761-2839,
Granite Precision Machining Group,https://www.graniteprecision.com,Machine Shop / CNC Machining,11-50,4-8M,2023,Milwaukee,WI,United States,,,,,
Heartland Pest Solutions,https://heartlandpest.com,Pest Control,11-50,"5,070,626",2000,Green Bay,WI,United States,,,,,
Silverline Plumbing Group,silverlineplumbing.com,Plumbing Contractor,11-50,,1999,Green Bay,WI,United States,,,,,
Valley Insurance Agency Group,valleyinsurance.com,Insurance Agency,70,$1.6M,1994,Milwaukee,WI,United States,Raymond Murphy,President,,+1 755 241 5816,https://www.linkedin.com/in/raymond-murphy-178
Frontier Logistics Inc.,http://frontierlogistics.co/,Freight & Logistics,201-500,$3.3M,1970,Nashville,TN,United States,,,,,
Granite Physical Therapy Group,www.granitephysical.net,Physical Therapy,1-10,$3.4M,1998,Charlotte,NC,United States,,,hello@granitephysical.net,+1 325 664 1189,
Frontier Facility Services,https://frontierfacility.com,Commercial Cleaning,21,,1972,Columbus,OH,United States,Grace Hernandez,General Manager,grace.hernandez@frontierfacility.com,,https://www.linkedin.com/in/grace-hernandez-374
Pinecrest Pest Solutions Group,https://www.pinecrestpest.com,Pest Control,,$1M - $2M,,Columbus,OH,United States,Fatima Garcia,Office Manager,,450-440-6721,
Badger Staffing Co.,www.badgerstaffing.co,Staffing Agency,11-50,$9441K,1981,Nashville,TN,United States,,,info@badgerstaffing.co,(292) 347-7545,
Juniper Pest Solutions Group,juniperpest.net,Pest Control,,$4.7M,1991,Denver,CO,United States,,,office@juniperpest.net,927.448.8234,
Copper Animal Hospital,,Veterinary Clinic,,$3.8M,1993,Minneapolis,MN,United States,,,,248-267-6954,
Badger Accounting Group,https://badgeraccounting.com,Bookkeeping & Payroll,11-50,11-15M,1980,Sacramento,CA,United States,Robert Sullivan,Owner,robert.sullivan@badgeraccounting.com,667.791.1015,
Redwood Plumbing,,Plumbing Contractor,,23-27M,1981,Des Moines,IA,United States,Gary Sullivan,Office Manager,office@redwoodplumbing.com,+1 558 634 8250,https://www.linkedin.com/in/gary-sullivan-815
Sterling Precision Machining Co.,https://sterlingprecision.co,Machine Shop / CNC Machining,39,"78,124,486",2021,Green Bay,WI,United States,Denise Rossi,President,office@sterlingprecision.co,+1 202 529 5309,
Granite Pest Solutions,granitepest.com,Pest Control,,2-6M,,Minneapolis,MN,United States,,,sales@granitepest.com,(919) 516-8340,
Maple Electric Inc.,mapleelectric.com,Electrical Contractor,11-50,$5.5M,2013,Kansas City,MO,United States,Maria Miller,Marketing Coordinator,maria@mapleelectric.com,686.325.2889,https://www.linkedin.com/in/maria-miller-867
Beacon Staffing,www.beaconstaffing.com,Staffing Agency,1-10,$23M - $28M,2015,Grand Rapids,MI,United States,Mark Larson,Founder & CEO,mark@beaconstaffing.com,,
Tri-County Plumbing,https://www.tricountyplumbing.net,Plumbing Contractor,,$937K,2016,Green Bay,WI,United States,Robert Kowalski,Office Manager,robert@@tricountyplumbing.net,,
Silverline Animal Hospital Group,www.silverlineanimal.com,Veterinary Clinic,11-50,,,Denver,CO,United States,Daniel Larson,,daniel.larson@silverlineanimal.com,(293) 378-6602,
Sterling Grill Group,www.sterlinggrill.com,Restaurant,17,$402K,2013,Columbus,OH,United States,,,hello@sterlinggrill.com,(393) 622-3988,
Valley Heating & Cooling,www.valleyheating.com,HVAC Services,1-10,"15,097,013",2008,Sacramento,CA,United States,,,sales@valleyheating.com,+1 912 388 9103,
Summit Facility Services,https://summitfacility.com,Commercial Cleaning,11-50,$0.5M,,Dallas,TX,United States,Daniel Novak,Founder & CEO,daniel.novak@summitfacility.com,(567) 588-4056,https://www.linkedin.com/in/daniel-novak-992
Frontier Landscapes LLC,https://www.frontierlandscapes.com,Landscaping & Lawn Care,,,,Green Bay,WI,United States,Mei Haddad,Office Manager,,(849) 668-3849,https://www.linkedin.com/in/mei-haddad-771
"Oak Ridge Electric, LLC",,Electrical Contractor,161,$32.9M,2013,Sacramento,CA,United States,,,,(918) 717-3282,
Beacon Family Dental Co.,https://www.beaconfamily.com,Dental Practice,,$1.3M,1993,Kansas City,MO,United States,,,contact@beaconfamily.com,+1 658 397 6297,
Beacon Accounting Group Group,https://beaconaccounting.com,Bookkeeping & Payroll,11-50,,1992,Boise,ID,United States,Kevin Kowalski,,kevinkowalski76@gmail.com,+1 427 345 2078,
Westfield Physical Therapy,,Physical Therapy,,"13,165,152",,Dallas,TX,United States,Patricia Garcia,Marketing Coordinator,patricia@westfieldphysical.com,826-723-7970,https://www.linkedin.com/in/patricia-garcia-109
Evergreen Grill,https://evergreengrill.com,Restaurant,11-50,,,Milwaukee,WI,United States,David Larson,Operations Director,david.larson@evergreengrill,(386) 587-2370,
Bluestem Pest Solutions Co.,https://www.bluestempest.com,Pest Control,51-200,$1295K,2017,Milwaukee,WI,United States,Kevin Murphy,Owner,kevin@bluestempest.com,000-000-0000,https://www.linkedin.com/in/kevin-murphy-557
Bluestem Electric Group,www.bluestemelectric.com,Electrical Contractor,,$43M - $48M,1968,Grand Rapids,MI,United States,,,,,
Silverline Accounting Group Inc.,silverlineaccounting.co,Bookkeeping & Payroll,,2-6M,2018,Phoenix,AZ,United States,,,,,
Badger Landscapes,https://www.badgerlandscapes.com,Landscaping & Lawn Care,11-50,$3M - $6M,,Columbus,OH,United States,Carlos Novak,VP of Sales,carlos@badgerlandscapes.com,+1 207 390 9829,https://www.linkedin.com/in/carlos-novak-979
Sterling Electric Group,sterlingelectric.net,Electrical Contractor,,,,Boise,ID,United States,Mei Bennett,VP of Sales,,,
Bluestem Boutique Group,,Retail Boutique,,$1.4M,2023,Omaha,NE,United States,,,,,
Sterling Staffing,http://sterlingstaffing.co/,Staffing Agency,,"6,328,003",2013,Dallas,TX,United States,,,,,
Prairie Insurance Agency Group,prairieinsurance.com,Insurance Agency,9,13-17M,2022,Raleigh,NC,United States,Carlos Johnson,President,carlos.johnson@prairieinsurance,+1 702 497 9462,https://www.linkedin.com/in/carlos-johnson-187
Redwood Fitness Inc.,redwoodfitness.com,Fitness Studio,1-10,"295,570",,Denver,CO,United States,Aisha Price,Owner,aisha.price@redwoodfitness.com,494-697-1802,https://www.linkedin.com/in/aisha-price-856
Evergreen Logistics Inc.,evergreenlogistics.co,Freight & Logistics,21,"19,340,064",2017,Charlotte,NC,United States,,,,,
Patriot Heating & Cooling Co.,patriotheating.com,HVAC Services,149,$3.8M,1981,Kansas City,MO,United States,Mei Price,Co-Owner,mei@patriotheating.com,,https://www.linkedin.com/in/mei-price-603
Harbor Facility Services,https://www.harborfacility.com/contact-us,Commercial Cleaning,,$10255K,2020,Raleigh,NC,United States,Tanya Novak,,,+1 262 940 6431,
Tri-County Logistics Group,https://tricountylogistics.com,Freight & Logistics,51-200,$17M - $22M,2013,Green Bay,WI,United States,,,sales@tricountylogistics.com,+1 262 808 9417,
Valley Pest Solutions,,Pest Control,13,9-13M,1991,Indianapolis,IN,United States,Linda Bennett,Owner,linda.bennett@valleypest.co,665-570-5911,https://www.linkedin.com/in/linda-bennett-606
Hillcrest Plumbing,https://www.hillcrestplumbing.co,Plumbing Contractor,11-50,$1.2M,1986,Dallas,TX,United States,Gary Reyes,,,265-9122,https://www.linkedin.com/in/gary-reyes-926
Liberty Landscapes LLC,https://www.libertylandscapes.com,Landscaping & Lawn Care,5,$7.1M,1982,Columbus,OH,United States,James Reyes,Founder & CEO,james@mailinator.com,761.452.1479,
Copper Electric,https://copperelectric.com,Electrical Contractor,51-200,,2013,Milwaukee,WI,United States,,,,(744) 914-1104,
Westfield Staffing Co.,www.westfieldstaffing.co,Staffing Agency,51-200,$14.4M,2015,Des Moines,IA,United States,Robert Olsen,General Manager,robert.olsen@westfieldstaffing.co,377.541.6738,https://www.linkedin.com/in/robert-olsen-951
Liberty Electric,https://libertyelectric.co,Electrical Contractor,70,$9.0M,1991,Phoenix,AZ,United States,Kevin Nguyen,Owner,sales@libertyelectric.co,+1 819 561 2632,
Cobalt Precision Machining Co.,https://www.cobaltprecision.co,Machine Shop / CNC Machining,83,"5,998,164",2019,Boise,ID,United States,,,,823-448-6338,
Patriot Fabrication LLC,https://www.patriotfabrication.net,Metal Fabrication,,13-17M,2009,Des Moines,IA,United States,,,sales@patriotfabrication.net,(943) 397-1673,
Westfield Landscapes Co.,westfieldlandscapes.net,Landscaping & Lawn Care,1-10,2-6M,2013,Kansas City,MO,United States,,,contact@westfieldlandscapes.net,367-258-5809,
Frontier Electric Group,www.frontierelectric.net,Electrical Contractor,16,,1993,Glendale,CA,United States,,,,+1 880 951 3685,
Harbor Accounting Group Inc.,https://harboraccounting.com,Bookkeeping & Payroll,1-10,$9.0M,1998,Austin,TX,United States,,,,,
Juniper Precision Machining Inc.,https://www.juniperprecision.com,Machine Shop / CNC Machining,201-500,$1410K,2023,Glendale,CA,United States,Kevin Nguyen,General Manager,kevin.nguyen@juniperprecision.com,+1 294 859 5685,https://www.linkedin.com/in/kevin-nguyen-893
Patriot Coffee Co,,Coffee Shop,11-50,$1326K,2015,Milwaukee,WI,United States,Mei Okafor,Co-Owner,mei@mailinator.com,241-201-3058,https://www.linkedin.com/in/mei-okafor-751
Beacon Plumbing LLC,http://beaconplumbing.com/,Plumbing Contractor,9,$4833K,2011,Minneapolis,MN,United States,Michael Haddad,Founder & CEO,office@beaconplumbing.com,,
Sterling Logistics Co.,https://www.sterlinglogistics.com,Freight & Logistics,11-50,$3684K,1977,Des Moines,IA,United States,Michael Reyes,General Manager,michael.reyes@sterlinglogistics.com,+1 668 270 2533,
Silverline Grill Co.,https://silverlinegrill.co,Restaurant,17,"1,932,254",2023,Grand Rapids,MI,United States,,,info@silverlinegrill.co,(309) 580-8592,
Heartland Heating & Cooling Co.,heartlandheating.net,HVAC Services,20,"3,670,235",2013,Minneapolis,MN,United States,Priya Murphy,Owner,priya@heartlandheating.net,(343) 915-1558,
Heartland IT Solutions Group,www.heartlandit.com,Managed IT Services,11-50,$2M - $4M,2023,Indianapolis,IN,United States,Patricia Rossi,Founder & CEO,patricia.rossi@heartlandit.com,,https://www.linkedin.com/in/patricia-rossi-820
Keystone Physical Therapy LLC,keystonephysical.net,Physical Therapy,11-50,"955,356",1990,Columbus,OH,United States,Nora Miller,General Manager,noramiller19@gmail.com,(366) 733-3814,https://www.linkedin.com/in/nora-miller-144
Arrowhead Animal Hospital Co.,https://www.arrowheadanimal.net,Veterinary Clinic,1-10,$0.8M,,Austin,TX,United States,Jennifer Patel,Office Manager,jennifer@arrowheadanimal.net,804.278.6909,https://www.linkedin.com/in/jennifer-patel-777
Juniper Insurance Agency,http://juniperinsurance.co/,Insurance Agency,1-10,$1M - $2M,1969,Denver,CO,United States,,,,649.293.9604,
BLUESTEM ANIMAL HOSPITAL LLC,www.bluestemanimal.net,Veterinary Clinic,51-200,"1,758,466",2010,COLUMBUS,OH,United States,,,,(622) 452-3550,
,,,,,,,,,,,,,
Oak Ridge Animal Hospital LLC,oakridgeanimal.net,Veterinary Clinic,15,$0.5M,2004,Nashville,TN,United States,,,office@oakridgeanimal.net,,
Cedar Grill Inc.,https://cedargrill.net,Restaurant,,1-5M,2004,Raleigh,NC,United States,,,contact@cedargrill.net,,
Badger Plumbing Group,https://badgerplumbing.com,Plumbing Contractor,,,1983,Glendale,CA,United States,,,,,
Lakeshore Physical Therapy,https://www.lakeshorephysical.co,Physical Therapy,11-50,$0.5M,2021,Omaha,NE,United States,Carlos Yamamoto,Co-Owner,,455.593.7549,
Harbor Facility Services,www.harborfacility.com,Commercial Cleaning,,$10255K,2020,Raleigh,NC,United States,Tanya Novak,,,+1 262 940 6431,
Tri-County Heating & Cooling Co.,tricountyheating.com,HVAC Services,11-50,$1077K,1981,Dallas,TX,United States,Ahmed Reyes,Owner,ahmed.reyes@tricountyheating.com,651-562-2789,
Crescent Accounting Group,https://www.crescentaccounting.com,Bookkeeping & Payroll,11,,2002,Tampa,FL,United States,,,,,
Heartland Pest Solutions,https://heartlandpest.com,Pest Control,,,2000,Green Bay,WI,United States,,,,,
Keystone Fabrication LLC,www.keystonefabrication.com,Metal Fabrication,51-200,$7.1M,2018,Austin,TX,United States,Nora Fischer,VP of Sales,nora@keystonefabrication.com,+1 745 914 6006,
Harbor Accounting Group Inc.,https://www.harboraccounting.com/contact-us,Bookkeeping & Payroll,1-10,$9.0M,1998,Austin,TX,United States,,,,,
Oak Ridge Electric,https://www.oakridgeelectric.com,Electrical Contractor,161,$32.9M,2013,Sacramento,CA,United States,,,,(918) 717-3282,
Badger Electric Group,www.badgerelectric.net,Electrical Contractor,,10-14M,,Sacramento,CA,United States,Patricia Johnson,President,patricia@badgerelectric.net,+1 576 237 3678,https://www.linkedin.com/in/patricia-johnson-465
Badger Family Dental Inc.,https://badgerfamily.co,Dental Practice,11-50,$1M - $2M,1988,Raleigh,NC,United States,Kim Olsen,Co-Owner,,(615) 657-2101,
Westfield Precision Machining,westfieldprecision.co,Machine Shop / CNC Machining,,,1992,Raleigh,NC,United States,Steven Larson,,info@westfieldprecision.co,612-864-3526,
Lakeshore Staffing Inc.,https://lakeshorestaffing.co,Staffing Agency,73,,2023,Raleigh,NC,United States,Tanya Yamamoto,General Manager,tanya.yamamoto@lakeshorestaffing.co,737.722.1306,
Prairie Staffing,http://prairiestaffing.com/,Staffing Agency,,$2.1M,,Columbus,OH,United States,,,,+1 781 474 7110,
Patriot Precision Machining Inc.,https://patriotprecision.com,Machine Shop / CNC Machining,,,1985,Charlotte,NC,United States,Mark Larson,Owner,,,https://www.linkedin.com/in/mark-larson-154
Northstar Pest Solutions,,Pest Control,1-10,$4M - $8M,2020,Denver,CO,United States,Daniel Novak,General Manager,daniel@northstarpest.co,215.449.3446,
Ironwood Logistics,www.ironwoodlogistics.com,Freight & Logistics,160,,2015,Dallas,TX,United States,Ahmed Okafor,Operations Director,ahmed@ironwoodlogistics.com,(269) 202-8859,
Pinecrest IT Solutions Inc.,https://pinecrestit.com,Managed IT Services,6,,1998,Indianapolis,IN,United States,,,sales@pinecrestit.com,,
Hillcrest Insurance Agency LLC,,Insurance Agency,,$5M - $10M,,Green Bay,WI,United States,Nora Rossi,Marketing Coordinator,nora@hillcrestinsurance.com,335-803-1715,
Prairie IT Solutions Group,,Managed IT Services,24,$12.1M,,Green Bay,WI,United States,Carlos Kowalski,VP of Sales,carlos@@prairieit.com,+1 646 595 9404,
Westfield IT Solutions,http://westfieldit.net/,Managed IT Services,,,2013,Dallas,TX,United States,,,,,
Crescent Boutique,crescentboutique.com,Retail Boutique,5,2-6M,1990,Green Bay,WI,United States,Priya Haddad,Owner,sales@crescentboutique.com,595-220-1895,https://www.linkedin.com/in/priya-haddad-328
"Northstar Staffing, LLC",,Staffing Agency,51-200,$3414K,1990,Boise,ID,United States,Daniel Hernandez,Office Manager,office@northstarstaffing.net,369-332-2128,
Pinecrest Physical Therapy Group,https://www.pinecrestphysical.co,Physical Therapy,,1-5M,,Minneapolis,MN,United States,Denise Chen,Owner,,,
Badger Family Dental Inc.,https://www.badgerfamily.co/contact-us,Dental Practice,11-50,$1M - $2M,1988,Raleigh,NC,United States,Kim Olsen,Co-Owner,,(615) 657-2101,
Riverbend Staffing,https://www.riverbendstaffing.com,Staffing Agency,51-200,$35M - $40M,2015,Grand Rapids,MI,United States,,,,(595) 670-9856,
Copper Accounting Group,copperaccounting.com,Bookkeeping & Payroll,11-50,3-7M,,Dallas,TX,United States,Nora Price,Owner,nora@copperaccounting.com,759.713.3803,
Silverline Landscapes Inc.,https://silverlinelandscapes.com,Landscaping & Lawn Care,,$2.2M,1995,Indianapolis,IN,United States,,,,(848) 503-8590,
Pinecrest Landscapes Inc.,,Landscaping & Lawn Care,,$394K,2004,Charlotte,NC,United States,Priya Anderson,Operations Director,priya@pinecrestlandscapes.com,395-726-8778,
Pinecrest Fabrication Group,https://pinecrestfabrication.co,Metal Fabrication,,14-18M,1999,Boise,ID,United States,,,sales@pinecrestfabrication.co,,
Pinecrest Grill Co.,http://pinecrestgrill.com/,Restaurant,51-200,$2.6M,2000,Glendale,CA,United States,,,,(341) 678-4597,
Copper Physical Therapy Group,https://www.copperphysical.com,Physical Therapy,,$2.8M,2007,Sacramento,CA,United States,,,sales@copperphysical.com,924-698-8909,
FRONTIER FABRICATION,,Metal Fabrication,51-200,$22238K,2021,MILWAUKEE,WI,United States,Gary Anderson,Co-Owner,gary.anderson@frontierfabrication.com,408-761-2839,
Maple Boutique,mapleboutique.co,Retail Boutique,,$1294K,2015,Charlotte,NC,United States,Gary Nguyen,Owner,contact@mapleboutique.co,993-2819,
Frontier Salon,,Hair Salon,14,$193K,2016,Sacramento,CA,United States,Thomas Okafor,Owner,thomas.okafor@frontiersalon.net,+1 798 344 6992,https://www.linkedin.com/in/thomas-okafor-645
Beacon Plumbing LLC,http://beaconplumbing.com/,Plumbing Contractor,,,2011,Minneapolis,MN,United States,Michael Haddad,Founder & CEO,,,
Tri-County Pest Solutions Co.,https://tricountypest.com,Pest Control,,$14.5M,2023,Tampa,FL,United States,Mark Murphy,Owner,mark.murphy@tricountypest.com,(579) 459-4921,
Ironwood Family Dental Co.,https://ironwoodfamily.com,Dental Practice,,$7.7M,2023,Omaha,NE,United States,,,,736-742-5488,
Westfield Electric,,Electrical Contractor,,$8.8M,,Boise,ID,United States,,,,,
Westfield Coffee Co Inc.,http://westfieldcoffee.com/,Coffee Shop,11-50,,1995,Denver,CO,United States,,,hello@westfieldcoffee.com,,
Oak Ridge Family Dental,,Dental Practice,11-50,$7M - $12M,1978,Boise,ID,United States,,,,766.952.9419,
Harbor Grill Co.,,Restaurant,11-50,"8,110,023",,Columbus,OH,United States,,,info@harborgrill.com,(968) 911-5313,
BLUESTEM SOFTWARE GROUP,bluestemsoftware.com,Software Development,51-200,"12,149,588",,MILWAUKEE,WI,United States,Gary Murphy,,gary@bluestemsoftware.com,+1 645 447 4790,
Lakeshore Heating & Cooling Co.,lakeshoreheating.com,HVAC Services,51-200,$6M - $11M,2001,Grand Rapids,MI,United States,,,,(869) 552-2389,
Granite Logistics LLC,https://granitelogistics.com,Freight & Logistics,51-200,$4.9M,1998,Sacramento,CA,United States,,,,,
Harbor Fitness Co.,https://www.harborfitness.net,Fitness Studio,1-10,$1697K,2015,Milwaukee,WI,United States,,,sales@harborfitness.net,960-667-4442,
Valley Logistics Co.,http://valleylogistics.com/,Freight & Logistics,51-200,,2018,Glendale,CA,United States,,,office@valleylogistics.com,(692) 696-8020,
Redwood Logistics Co.,www.redwoodlogistics.net,Freight & Logistics,,,1969,Omaha,NE,United States,Fatima Nguyen,Co-Owner,,,
Evergreen Precision Machining Co.,www.evergreenprecision.net,Machine Shop / CNC Machining,51-200,$75.5M,1999,Raleigh,NC,United States,,,,,
Badger Precision Machining Group,https://www.badgerprecision.com,Machine Shop / CNC Machining,51-200,9-13M,,Glendale,CA,United States,Priya Haddad,,priya@badgerprecision.com,(349) 360-9493,
Beacon Fabrication,beaconfabrication.com,Metal Fabrication,51-200,$2.6M,2016,Columbus,OH,United States,Sofia Novak,Owner,sofia.novak@beaconfabrication.com,,
Pinecrest Logistics LLC,,Freight & Logistics,,29-33M,2020,Tampa,FL,United States,Jennifer Nguyen,Owner,office@pinecrestlogistics.com,787-673-7498,
Frontier IT Solutions,frontierit.co,Managed IT Services,,$1280K,1998,Phoenix,AZ,United States,,,contact@frontierit.co,753-813-1108,
Prairie Physical Therapy,http://prairiephysical.com/,Physical Therapy,11-50,$0.9M,,Nashville,TN,United States,,,info@prairiephysical.com,215.938.3689,
Westfield Boutique Inc.,,Retail Boutique,1-10,$2968K,1993,Denver,CO,United States,,,,282-369-6394,
Redwood Boutique Co.,https://www.redwoodboutique.net,Retail Boutique,,$1M - $2M,2022,Green Bay,WI,United States,Steven Rossi,President,steven@@redwoodboutique.net,+1 265 881 4328,
Northstar Facility Services Co.,https://northstarfacility.com,Commercial Cleaning,,$5769K,2014,Sacramento,CA,United States,,,sales@northstarfacility.com,(595) 683-5372,
Patriot Boutique Group,patriotboutique.co,Retail Boutique,,1-5M,2007,Indianapolis,IN,United States,,,info@patriotboutique.co,718-820-9391,
Sterling Electric Group,sterlingelectric.net,Electrical Contractor,51-200,,,Boise,ID,United States,Mei Bennett,VP of Sales,sales@sterlingelectric.net,(335) 221-1233,
Frontier Landscapes LLC,https://www.frontierlandscapes.com,Landscaping & Lawn Care,,,,Green Bay,WI,United States,Mei Haddad,Office Manager,,,https://www.linkedin.com/in/mei-haddad-771
Badger Electric Group,https://www.badgerelectric.net/contact-us,Electrical Contractor,,10-14M,,Sacramento,CA,United States,Patricia Johnson,President,patricia@badgerelectric.net,+1 576 237 3678,https://www.linkedin.com/in/patricia-johnson-465
Tri-County Grill Co.,https://www.tricountygrill.com,Restaurant,,$5.2M,2001,Phoenix,AZ,United States,James Miller,General Manager,james.miller@tricountygrill.com,591-718-5619,https://www.linkedin.com/in/james-miller-556
Patriot Precision Machining Inc.,https://patriotprecision.com,Machine Shop / CNC Machining,51-200,$3.9M,1985,Charlotte,NC,United States,Mark Larson,Owner,mark@patriotprecision.com,000-000-0000,https://www.linkedin.com/in/mark-larson-154
Bluestem Animal Hospital LLC,www.bluestemanimal.net,Veterinary Clinic,51-200,"1,758,466",2010,Columbus,OH,United States,,,,(622) 452-3550,
Evergreen Electric LLC,evergreenelectric.co,Electrical Contractor,11-50,$3816K,1968,Phoenix,AZ,United States,,,,753-629-7274,
Patriot Electric,http://patriotelectric.net/,Electrical Contractor,54,$8M - $13M,2023,Indianapolis,IN,United States,,,,986.572.4230,
Crescent Facility Services Group,,Commercial Cleaning,11-50,$1.8M,2013,Green Bay,WI,United States,Steven Yamamoto,Operations Director,steven.yamamoto@crescentfacility.com,657.911.2831,
